czXQFxFF,3833.76,-261
ULeAEyQj,3833.76,138
EXbIAAIH,3833.76,104
HIJAZFUg,3833.76,-330
sSrxpxdU,3833.76,31
OUDbGwza,3833.76,278
pAoHwlNH,3833.76,-207
PLkXPOgC,3833.76,-39
uiBiYGTY,3833.76,-214
JpjpesLk,3833.76,-198
tkBaCXlh,3833.76,-249
SCVPcigz,3833.76,87
YRmMXCrs,3833.76,158
OTqkscQy,3833.76,-286
sMjKGeLl,3833.76,-102
mQLeujiP,3833.76,83
AQfGPcmi,3833.76,-79
VpQyUgsD,3833.76,-288
SCMRkKtY,3833.76,58
dJMCNsxu,3833.76,-488
YfHwHQzv,3833.76,-498
odRQbzVs,3833.76,41
xuYYJWus,3833.76,-91
OwULfjwF,3833.76,-224
LPCtAJDU,3833.76,347
LOnzKpSh,3833.76,-14
CYevbsuu,3833.76,-119
diRVORJA,3833.76,289
bSTEvEAo,3833.76,177
fdtgWkmV,3833.76,222
AwPruakw,3833.76,-122
daCEATJe,3833.76,-352
NCidfULF,3833.76,-140
BbHiygZx,3833.76,482
DYywwHNJ,3833.76,-182
KTOUuwhe,3833.76,-377
lKYHSoKZ,3833.76,493
JTnmWjiQ,3833.76,111
KRJAIhgv,3833.76,84
gZFCQvWn,3833.76,11
DkdmFaqK,3833.76,-355
GQrUsAje,3833.76,-432
WFfSKouc,3833.76,-402
WPyhiPnR,3833.76,-464
eMNfaroR,3833.76,14
xuRvKZOD,3833.76,-4
baivxoMd,3833.76,119
igtmalbz,3833.76,435
vGsqejwL,3833.76,440
UhAfudar,3833.76,-323
eQlWyjMM,3833.76,-321
iqbLrJOM,3833.76,-325
uHZbYhJT,3833.76,450
gxQPekXK,3833.76,89
dRQlEsHb,3833.76,-49
ZghPVFof,3833.76,297
XiETUypv,3833.76,-193
cbzkOMdu,3833.76,332
kMvdssNu,3833.76,86
rueWvFDv,3833.76,484
pvdLIPCl,3833.76,54
zkwmPYKu,3833.76,-304
hGVEZGJI,3833.76,-368
MkUZUkRx,3833.76,-353
iZbaxwUm,3833.76,-89
VaRZDOyY,3833.76,182
eBpUuqxK,3833.76,-230
BctOQpeJ,3833.76,-96
vBLaFkzp,3833.76,26
wRmRmXvi,3833.76,-413
hARQNecj,3833.76,415
mKPjTKgL,3833.76,171
BlJLuQia,3833.76,-345
LRaQDsFJ,3833.76,-486
sHJoHKbu,3833.76,439
ORxYlcnG,3833.76,169
wzwYtgQE,3833.76,242
ppqgMVsZ,3833.76,58
dutdiPUA,3833.76,336
clTLZfDx,3833.76,415
IDfDAEcZ,3833.76,467
EqURaPJn,3833.76,-484
aKbXzXOU,3833.76,-410
NkhXnVjP,3833.76,418
GTooAkWY,3833.76,105
ncqSenkT,3833.76,273
MighsOvm,3833.76,447
EEeYsEqG,3833.76,412
IVFRlalW,3833.76,105
bQFHwNkp,3833.76,266
UHMlofKt,3833.76,-372
vQcgrwzL,3833.76,-108
MdIftINq,3833.76,462
KGnetYvV,3833.76,-8
WbkJJaWg,3833.76,271
SYVfSGLE,3833.76,-127
tUNTGFMk,3833.76,-94
RmNamvil,3833.76,-227
QpNthDsx,3833.76,-491
hNzkBKOO,3833.76,432
xDtfTGyF,3833.76,-140
ZdQlOwze,3833.76,-343
qQpXBXgt,3833.76,336
dbFiVrJz,3833.76,15
mjEPAumF,3833.76,-97
HHIoQpFb,3833.76,275
ylocUBrz,3833.76,-316
XXgGbLoA,3833.76,-355
VnLSibvO,3833.76,66
PbuIKeHL,3833.76,-479
vVBtsvwG,3833.76,-208
IfGdECus,3833.76,265
gxHquoJR,3833.76,-231
SSIPncHj,3833.76,114
LThcZFMi,3833.76,415
sMoNMjNZ,3833.76,374
WZgHSBIL,3833.76,-113
DfDmxakG,3833.76,363
QqCSpUQv,3833.76,-482
jxhYTATM,3833.76,-275
IiBpIpjB,3833.76,129
zBPVtXXM,3833.76,-354
FfCJHhZv,3833.76,349
WKjfFxCj,3833.76,323
MXblvOHw,3833.76,370
HZtBsitt,3833.76,120
YzhcirMs,3833.76,-71
EgKWGydI,3833.76,-224
FufMnDDe,3833.76,393
HULOucXn,3833.76,-62
tPfMBzEg,3833.76,-291
JeLMtmJQ,3833.76,-14
GWsPBmrK,3833.76,95
eCPNhLZp,3833.76,-223
mKCEZiNZ,3833.76,-499
YLRasJLV,3833.76,498
mQdrQqxz,3833.76,-448
lrmxCCxW,3833.76,-82
vdrXgcrI,3833.76,-124
GxPJRXEz,3833.76,350
nyinioYc,3833.76,-61
QTAAPtZj,3833.76,400
fBRzkMYI,3833.76,116
cvudTThl,3833.76,208
bZFFLHDI,3833.76,247
AQugMMtV,3833.76,31
LUODEOXz,3833.76,314
myisdpoj,3833.76,-366
icTJKJJL,3833.76,126
iammJBVN,3833.76,-436
LCpLqswT,3833.76,91
kUmcMNpc,3833.76,-13
nbtFdQHu,3833.76,-58
GqdmNbcp,3833.76,-60
nkfMzrlr,3833.76,-189
dYUvASPE,3833.76,-188
uslvqWEL,3833.76,-208
ivpqgFNC,3833.76,472
fQoUNfnM,3833.76,88
otNaCJcX,3833.76,-82
LxHHkWng,3833.76,-90
EJSUqFKt,3833.76,-471
RndZHXBk,3833.76,404
kRtfLscq,3833.76,-262
cUJeRgUk,3833.76,38
UCUjxwpg,3833.76,-363
iRqzlUsX,3833.76,-32
ZbIaMBvO,3833.76,323
SsRODpvY,3833.76,55
wSfwUoLy,3833.76,-424
TYAmFFeK,3833.76,173
THYgeoWe,3833.76,494
SAHzAnZb,3833.76,-291
ovraNqwZ,3833.76,21
dtucxwXL,3833.76,434
vUiyLuVV,3833.76,456
hGQolqZd,3833.76,-447
kQezKaUA,3833.76,480
baNFyqHs,3833.76,-178
DUCIRwUa,3833.76,411
ZlznFsyu,3833.76,-224
QePlnFVc,3833.76,414
jDqDabxu,3833.76,-101
HTEKKcPM,3833.76,218
QlZgWBQO,3833.76,86
ycyavYgl,3833.76,442
jctBFCeM,3833.76,-470
ANlbXDsP,3833.76,379
wYGsKvGM,3833.76,414
UMKyFdsG,3833.76,351
DEafeRbx,3833.76,29
BxgdXKUM,3833.76,-176
cOLnqrRj,3833.76,-388
kHODsBiA,3833.76,165
WLjfOuPS,3833.76,294
iasrHIkD,3833.76,151
LTSKbgoN,3833.76,302
mHbVuGaC,3833.76,-5
BjhFjkwC,3833.76,-26
RJayWEmw,3833.76,-142
zqOrxLXK,3833.76,71
fTIBDTEh,3833.76,-121
wrsSKzCs,3833.76,84
MhcmygGq,3833.76,280
MyPIgVuw,3833.76,401
ELSibfgE,3833.76,251
MyiDbvqG,3833.76,468
upeTxUYM,3833.76,-314
QSVEuMTc,3833.76,231
JbpBJhdw,3833.76,-209
exhXgDRW,3833.76,-403
XbzKGvJT,3833.76,-492
WUvHjxBc,3833.76,-295
WuXavRXk,3833.76,-4
woMkmgxY,3833.76,458
aQVMbHwt,3833.76,-477
RfDkSDZk,3833.76,-62
JpSKeTKf,3833.76,-279
qbgWLNUe,3833.76,402
IXvDKwvX,3833.76,84
NBwTfjLI,3833.76,-196
totsOndn,3833.76,163
LWHBJWRx,3833.76,-359
XxUlhlmx,3833.76,-84
uCAtoVLy,3833.76,-172
WDIvDknX,450.69,435
bybUhIyP,450.69,-201
CZbvDTkc,450.69,-369
zyqzChQy,450.69,-70
IjaIMDPe,450.69,-495
oihMHIaZ,450.69,-11
DOXdIJwV,450.69,-266
fAlliZtb,450.69,117
hrrqdBmg,450.69,-195
Julorolt,450.69,-254
tInXRcUr,450.69,18
bausKCHb,450.69,-444
NUxfQnxl,450.69,-285
qBAoeTCn,450.69,436
luUPgNnW,450.69,-480
PNCSuqXs,450.69,238
nJJeUzgX,450.69,-467
aFnXXCwN,450.69,-240
dMNBWNEH,450.69,-325
bcQDQaNn,450.69,262
qNDshHwD,450.69,-282
BRBivgJj,450.69,-302
IbNHcxbk,450.69,-68
QClYMemU,450.69,-61
sHvGzGMs,450.69,-167
rRQPgrsW,450.69,-483
lgZjVAHh,450.69,243
CcnPILTs,450.69,496
QVwHUJSX,450.69,-342
iEtwFYmx,450.69,-108
DopjIrMD,450.69,-175
TjBnDPdE,450.69,-407
UgtmBpvb,450.69,423
NuMStkCF,450.69,188
EEieoBKM,450.69,256
XUbjiEYX,450.69,-339
dBmWyxmk,450.69,-323
nBryHPpo,450.69,-278
UopVbhNj,450.69,278
ZytMayUj,450.69,214
KQUNotqY,450.69,-32
wHqudnvA,450.69,28
qJrWHXOp,450.69,271
eyjRlMeQ,450.69,415
VdgMfAVI,450.69,-36
bOZDMMiR,450.69,291
KoxjgmZO,450.69,153
PHGBSEPQ,450.69,229
yGkRAkFx,450.69,-449
vImwbuCv,450.69,-440
QyYJOiRm,450.69,-9
cwfnWsnz,450.69,1
bwtydISz,450.69,-241
ikqxFJWY,450.69,-344
WIpBymvs,450.69,441
DJczXHRm,450.69,92
utEtvVRV,450.69,-327
jDPWsJWZ,450.69,416
mzRMDCIV,450.69,88
KWqdXFtv,450.69,-169
ZjPnTJyk,450.69,-192
uWYXuuzg,450.69,-355
OBKAyqBw,450.69,156
redzfoiO,450.69,-36
TAjFaqZA,450.69,333
GcEBGQXq,450.69,144
GeDNKYSl,450.69,125
xIbGLwwP,450.69,-258
QpAqvoYo,450.69,366
ShGvHaRt,450.69,135
ghSLsrFo,450.69,457
RbyYHWiM,450.69,67
lkUfVqNu,450.69,-105
WqmlBbbg,450.69,228
jqBhyszN,450.69,214
HLBpRIRE,450.69,359
iybMsbol,450.69,251
jyAlLOPY,450.69,100
WujhVGAI,450.69,320
kBARGlKa,450.69,-466
WwjpsmWo,450.69,160
QuiwsHCo,450.69,44
uxplRGuh,450.69,35
LNqRZzho,450.69,419
naxDUnad,450.69,200
OGSZjfLE,450.69,-24
vdPZaUwq,450.69,243
CuXdFyWk,450.69,-395
AXJLgVka,450.69,125
qAazvfcl,450.69,-168
vCnwCVRu,450.69,-64
PiaPelga,450.69,-335
DnUqsiUQ,450.69,-23
SZozPJLM,450.69,-176
GztNxiGQ,450.69,129
wAlVVxvT,450.69,43
qgcjrhMM,450.69,-299
twfOXDSJ,450.69,-14
lRXXzzBm,450.69,285
ZRtEXkTw,450.69,-433
KesLicqQ,450.69,-379
kMqBmbVW,450.69,474
CWsqCCTw,450.69,366
HDMcopsy,450.69,16
WYRDBhYy,450.69,202
IeeDZiiA,450.69,313
SMuzMxfg,450.69,107
rhiGZxDb,450.69,185
uqUWjOZb,450.69,-87
UsYSQWHH,450.69,-72
BVarMoOi,450.69,219
dHJtPiTL,450.69,-195
oIAHtCQz,450.69,-296
zEDtpXSZ,450.69,-13
rXIqyUun,450.69,-43
qIkzUUPX,450.69,404
hkLZwEKk,450.69,-305
CstGqZQU,450.69,-300
QdvyLABP,450.69,-259
eUNsCkGe,450.69,320
VkSuhzoM,450.69,264
GaNZFaxL,450.69,177
hOnONeGz,450.69,486
BeeaHHkt,450.69,-26
ScaUfazn,450.69,-267
qdorLrNr,450.69,115
KqIwKzhb,450.69,-483
BiucLPKI,450.69,-66
XrOnFTOI,450.69,-398
TtYpWQGK,450.69,-466
HUaGcFOv,450.69,234
oJPVyHaV,450.69,-45
eLpQdjTj,450.69,-491
ZbJoYsFo,450.69,332
olMxwXdp,450.69,472
AJsMnUUt,450.69,443
eYuoYJeq,450.69,145
wsWxWKOi,450.69,311
UrfzYZVF,450.69,129
yNTizQUU,450.69,-210
MrrNgHFW,450.69,-29
dhimoBmt,450.69,80
jVCnBPhr,450.69,96
JlnWapRM,450.69,175
qDsBvRTd,450.69,-433
sMYBbdSM,450.69,-215
vfuYOpjb,450.69,311
EuPfUdWP,450.69,-237
lcSpziiz,450.69,-15
wrHWhYYB,450.69,-448
BGltTRkI,450.69,-417
nsKdMiQs,450.69,-250
mJCvkVud,450.69,461
PnCdueSj,450.69,-199
DRZHrVvQ,450.69,456
zncaoTnR,450.69,-73
vDeJlXOa,450.69,417
nDzeVIDi,450.69,473
yhqdmHdE,450.69,361
pvpLZpMb,450.69,-249
krqhiSPj,450.69,-493
VlHjwuIg,450.69,327
tDcTdtwM,450.69,438
hLLlpntB,450.69,-252
WQCPAqrR,450.69,160
qkpOyTku,450.69,-358
TsRuVlTe,450.69,-308
XNgkoxwN,450.69,37
elSGHCGS,450.69,454
XQxSepnE,450.69,321
TCHlfDVw,450.69,328
vxgrgTyI,450.69,-75
vYlWWsmh,450.69,133
LfKIWlMO,450.69,156
hUMhxiaX,450.69,-167
LJfGMYxw,450.69,201
FDafZdQt,450.69,441
VjJZaOmK,450.69,-356
lAgLqkXG,450.69,464
FXRulMIT,450.69,158
QTNPFgff,450.69,-71
NrJtnook,450.69,-221
SFrEhjKR,450.69,-360
kSLUUXwo,450.69,-110
XTaFgylg,450.69,81
IMrSMsce,450.69,-404
cEHifUbz,450.69,317
gSbccxjU,450.69,230
NADyxVDR,450.69,-199
eIslvrjq,450.69,411
oagGJyzq,450.69,-287
dzBWkjys,450.69,41
hMXWPgwp,450.69,238
xVJnpZRS,450.69,-117
BVZTeCKK,450.69,289
NmajYpsB,450.69,130
GcYLAYXm,450.69,26
AQYvZNhe,450.69,481
xRxKFzKZ,450.69,-332
MEptHfnt,450.69,-20
oIGbRIkR,450.69,-466
XaYBCDvf,450.69,-272
KpelsLeV,450.69,-363
yLhBdKRC,450.69,168
eCXGgJaY,450.69,384
uBnJjUWN,450.69,-30
ABXaqZzw,450.69,-131
bLcwxGlC,450.69,-443
lMAuHelW,450.69,347
lQrtybhT,450.69,65
KebYjHUZ,450.69,215
LUznsMCZ,450.69,-224
glxnHLey,450.69,-424
PfjdmYaX,450.69,356
jfqThoFh,450.69,398
UAcdHACO,450.69,389
rCwTIFUo,450.69,-316
OYUHqwqr,450.69,216
YDaxELnu,450.69,351
TxqzYpAu,450.69,-14
HsuPWSoW,450.69,359
mzmgwPVk,450.69,-204
rHqkrDmV,450.69,-473
PsazLnFL,450.69,329
sGdGkcnT,450.69,180
JjGcwBNg,450.69,316
uuaftFRq,450.69,-40
DKPSYTSE,450.69,-294
ooTQVbwL,450.69,-470
YVSLYAhi,450.69,360
XybXjgBh,450.69,418
OsXywsxK,450.69,-436
usvqBeHR,450.69,-412
cqomWRwG,450.69,-445
kcQCPgWo,450.69,232
NcAxgifU,450.69,-296
tpQjXWVj,450.69,26
XfZyvdpV,450.69,-167
EgPgCatX,450.69,-239
ulMObOnA,450.69,-127
lwChgSYx,450.69,398
EYUPfWEg,450.69,-292
qcRhQGyE,450.69,381
hlRaLoLL,450.69,-293
KPwAXusN,450.69,-204
FhFucOvG,450.69,279
qeBwKLOs,450.69,-404
LkjnPAuj,450.69,-19
kdeEgWdE,450.69,227
SOjXadXI,450.69,448
ZTEFMqTu,450.69,-301
dnSfbmDW,450.69,86
olMPjytx,450.69,-256
NTLiTLpt,450.69,-274
yVPsEboQ,450.69,-84
VElgebWe,450.69,-344
bwlVEeth,450.69,-226
YihEQWhx,450.69,-392
jyCkdiXC,450.69,-138
GGykcrkT,450.69,-196
hdzdRHmy,450.69,468
riqArhto,450.69,-220
UkWcewOL,450.69,101
IyIcCnpG,450.69,-212
MfJguyiD,450.69,-164
axMhFQoO,450.69,-167
bQFdpyyo,450.69,-8
yCcPJOFB,450.69,-406
HCxdhEvN,450.69,167
VHVWLdqs,450.69,485
iHYDOkxt,450.69,199
WkfwBjEz,450.69,297
GUuOQhyt,450.69,-307
hTgojGrW,450.69,80
zMrangWM,450.69,-496
BbVsVQWj,450.69,-10
uyqjmbsD,450.69,-141
zrEOcnyv,450.69,-399
vwcMKCrV,450.69,-297
dqiqtrfu,450.69,-181
saorxJvy,450.69,-219
KkpzCgLq,450.69,-98
HbOVBzpc,450.69,405
jdrrRPbo,450.69,257
KwfFNKod,450.69,360
qqDIyAJm,450.69,53
UibkNTRv,450.69,414
iHFZTvVP,450.69,-366
WoSBknfQ,450.69,161
aNKMXkMS,450.69,-224
eFcTAzRK,450.69,171
PHocMQgg,450.69,361
fBPOvTaU,450.69,289
lNadpLWQ,450.69,-228
DrPojmfC,450.69,-351
LogoWYeO,450.69,-143
JsGLJViI,450.69,105
oGPidRVZ,450.69,141
OeCBHJli,450.69,-49
QBmjVeCH,450.69,4
qhzlHrhQ,450.69,358
OglyQoXf,450.69,-118
VgRxlXyS,450.69,-198
IpdMGXJJ,450.69,-448
XOYayMBe,450.69,462
iHXDIWSO,450.69,-194
dQzqjvLB,450.69,274
ufdrOkLc,450.69,53
amUqHIFi,450.69,139
VufwuZIb,450.69,477
NvFJIFvC,450.69,372
BrWymLAK,450.69,420
GYKlugLC,450.69,-121
tZHUmJfD,450.69,-490
MBaYBEpR,450.69,410
cpEDpgio,450.69,-29
IOFbFamj,450.69,63
LUjpOmLV,450.69,324
vcyqxGsE,450.69,105
OTPyfRfF,450.69,-43
iOZqzIly,450.69,-168
PWlQRHag,450.69,-224
oNTUHMvw,450.69,50
VDJFMYIj,450.69,-379
rkgVUHDa,450.69,280
xexjldhl,450.69,200
FLHHwKZg,450.69,-22
uvPqjsVv,450.69,118
DxKsuobj,450.69,73
rYtOFTPu,450.69,-339
HXGedvlY,450.69,-378
TfYXOEcu,450.69,-68
BMEBiSxu,450.69,43
sHcqQCBL,450.69,156
oSvCCgiK,450.69,216
KIYELStj,450.69,237
xrOtnenf,450.69,-305
HQgxBFtU,450.69,-10
PABYnpJl,450.69,23
RYvUjVzR,450.69,334
zvvcVgWN,450.69,199
TeBRNvBU,450.69,127
dTgHgcHy,450.69,487
dchitZtn,450.69,-190
EgeVKVQv,450.69,137
rlnJGsLX,450.69,397
RqJOXsec,450.69,281
VLWCtJvA,450.69,-67
xISMXYBE,450.69,221
ofhWxAKe,450.69,-114
HIQMekUs,450.69,-378
qJHsIrDa,450.69,-447
EfMPYQvr,450.69,395
kgYEicDx,450.69,172
TxPDTzXy,450.69,-93
IOEtBvHo,450.69,175
JHBLGyYQ,450.69,104
nbNnhYWx,450.69,-383
OhIjCxFU,450.69,-207
ZIpTfTCh,450.69,-322
cCPbSYDp,450.69,-221
jwzLKHbU,450.69,148
wSFPuRnr,450.69,342
PYnvrqGB,450.69,-446
VPuhMZoQ,450.69,-196
MfzGIpEm,450.69,58
iDqLpTZR,450.69,-476
mBvBtNWd,450.69,-1
yidCtskK,450.69,-220
IOFrZJaP,450.69,279
WJdcRvEx,450.69,66
HGfxpyMl,450.69,479
uGGOeDub,450.69,-94
DOAczYFe,450.69,53
JTuQwsgM,450.69,-211
gMTloMLO,450.69,-224
ejMBvdnQ,450.69,182
KmGRgfJp,450.69,-430
ozlCeGNo,450.69,441
mSmpyubo,450.69,-97
JSMawWEG,450.69,188
VucpMrEC,450.69,-437
WSsyeGob,450.69,188
hjDVYNZv,450.69,315
NwqMMuih,450.69,467
tmNHAcSH,450.69,-173
hqZugqKX,450.69,223
sznHJesb,450.69,72
XrMWDYQv,450.69,-55
wovTYsHh,450.69,-484
zJFyyjsL,450.69,482
iPejEiDm,450.69,456
WAxNWdUJ,450.69,396
bgSdSLBu,450.69,324
SvaTXZSy,450.69,-490
SUbIAMOf,450.69,-299
mbYTMguS,450.69,114
PFbAdDmA,450.69,-234
hRlyOCMN,450.69,432
pvvWSBWK,450.69,-374
nGmEDvWS,450.69,-455
QUAWRrYI,450.69,-2
PIDepzLi,450.69,-395
IeSagKmh,450.69,184
ocCPiLfW,450.69,-449
bnTWJlGv,450.69,126
epTTzVTm,450.69,-308
oUvENGnL,450.69,233
hdmiEdgx,450.69,428
UwpHyBfD,450.69,-367
dkhoKKJK,450.69,-132
hqQxAgoX,450.69,116
frnFJaHe,450.69,-304
hiyQrwgX,450.69,-211
fDVSScfj,450.69,164
VnIcRaYQ,450.69,-337
oPwRdDvo,450.69,116
wZdaqxkK,450.69,-113
JyVnfFEp,450.69,467
VKyUuudF,450.69,-439
aEKoRbXi,450.69,-97
sKORLhsc,450.69,449
lZyTqnSD,450.69,-483
kKHoFaZe,450.69,32
OXohPpFs,450.69,-495
ASRZPFXN,450.69,-240
RhBmynSz,450.69,233
qUfMzJLr,450.69,351
vwaDvwRo,450.69,258
ZoqNxoGa,450.69,165
kLBpCknr,450.69,477
TxatPXuK,450.69,-464
rzASGYym,450.69,-104
uqCMCctk,450.69,-186
djUAlfGG,450.69,220
TgHRiSMk,450.69,-53
tPLkpAkx,450.69,440
GhTGtNvx,450.69,412
TcHZENag,450.69,-87
AUKTcouB,450.69,368
HkPibjaT,450.69,-223
eLhtBfei,450.69,-487
lnnqkCMK,450.69,217
YKSMCnhj,450.69,-27
LZkrInBs,450.69,-198
iRYbcgwg,450.69,-119
RssyYqQT,450.69,368
IxcHjuSR,450.69,-349
VLEnGxAg,450.69,268
yTctHwfd,450.69,336
AfhjSkWy,450.69,-56
fytPTnXG,450.69,-97
kfvBJURz,450.69,-483
TxRvZPYc,450.69,-38
pkMKDYmi,450.69,435
ePfwVwnP,450.69,-245
DriCzunK,450.69,454
kiDLbpau,450.69,400
hfeIIfcW,450.69,-394
PJRxmUXU,450.69,444
lilrxYiK,450.69,298
YtmAvgYH,450.69,-184
bQkWuLJy,450.69,480
icKrHICA,450.69,-306
QrdpeZMn,450.69,130
mgLOYsEZ,450.69,432
qwyXxKbK,450.69,373
hzyqEuke,450.69,303
uboqHEcK,450.69,-424
TVEKpFus,450.69,18
BzzFVKAH,450.69,171
BuNBEGyG,450.69,-147
CkqtkCht,450.69,32
vAADGsiL,450.69,120
zjjUoArr,450.69,326
TZMDqPAV,450.69,-434
jzHBOuhi,450.69,-267
LoGYtUUi,450.69,427
PaJyliAN,450.69,-283
YvqltpuV,450.69,-499
mMvAxZYp,450.69,495
eWQidlbu,450.69,162
qhdieyQD,450.69,137
uZzOwhvF,450.69,-488
xbOLJrSt,450.69,-144
UirAmCuX,450.69,304
DFujiUer,450.69,-233
yRFsUpAB,450.69,42
VVvBdkmi,450.69,205
TcCCsjfU,450.69,106
BiRCXQdf,450.69,-14
cLcoTSev,450.69,235
AmrIZQSc,450.69,422
YAZXgIoR,450.69,199
ZxUDmXXn,450.69,-339
rMUTUyQA,450.69,52
HswIGFsT,450.69,131
FziGMScG,450.69,-466
LLmcUmnJ,450.69,-145
ZLfhwxTV,450.69,208
JgWYNIWR,450.69,53
zaVmrPPR,450.69,-241
FtJrEeve,450.69,-439
QcChEqNg,450.69,-183
RIEIXCFw,450.69,-389
RyMGNhPl,450.69,-380
aVxRVHZp,450.69,-117
btFQsTaG,450.69,-155
cYBsCQOl,450.69,-221
KyvGDXue,450.69,333
EyUrnfqc,450.69,78
cJosZTzU,450.69,-226
TJhDWcAJ,450.69,227
uhPaSbcg,450.69,-285
PsoXFdmH,450.69,-214
YmJSzksP,450.69,-185
EBfgbcFT,450.69,-248
CQYGUkze,450.69,286
GAKpbRGM,450.69,357
GTOfVEkZ,450.69,-311
DttbzMFo,450.69,-108
DacnnpGH,450.69,75
zMGIJSlA,450.69,424
HIqrlUnN,450.69,-186
KwgVYSYC,450.69,-226
wQsSsudQ,450.69,-415
vzkjXgvn,450.69,-402
FNzoMjbl,450.69,-362
nEQxpWCC,450.69,-149
bxMEUBah,450.69,186
OGHejzoD,450.69,346
eVFHXOsu,450.69,404
GcwkecmP,450.69,445
xNgHmSlF,450.69,-361
OJRWmMoU,450.69,-47
kyrDEXMD,450.69,-444
nFLlbISH,450.69,-9
XDBXNNNw,450.69,337
KJjWmjKm,450.69,-99
ZRXRUKaC,450.69,270
gJoWScRI,450.69,402
BbbGWGin,450.69,-288
ealdGdAQ,450.69,-456
wspYHrJL,450.69,129
BRUMSIJY,450.69,-73
HsDTjmrv,450.69,63
JUiCAIal,450.69,-324
inDJVGQN,450.69,179
ZMOrXFXr,450.69,81
yStOYyDY,450.69,-235
nTLoFqDZ,450.69,-400
PtujVeSe,450.69,473
rApaqpfk,450.69,340
vjqQLYpQ,450.69,-476
mwPpgdtE,450.69,19
PtlGliux,450.69,-153
GBVdcZJU,450.69,-159
EHBsWTVc,450.69,349
TsdbdWhq,450.69,-15
ZZngjbbM,450.69,193
pmehturf,450.69,35
brUqoZnK,450.69,63
reHYxCQu,450.69,329
lEMhanlN,450.69,-20
MUBDEpdS,450.69,434
HWZlGLCZ,450.69,-217
JzVdguIn,450.69,269
CjYVDvUo,450.69,-74
qYvSnoXH,450.69,-148
xYNGyKmS,450.69,-98
GgyBiidl,450.69,-72
cBizVuaJ,450.69,-246
XwgIoWAN,450.69,114
MTaOXxEI,450.69,-27
CTBiEyZk,450.69,-385
XvapNfii,450.69,-458
HiulMuKM,450.69,-232
skJRmnit,450.69,-209
zuRmijoO,450.69,453
ehKhYfIs,450.69,349
RNVBnsMc,450.69,56
KdeYPIHf,450.69,-214
hHILaFAv,450.69,-446
FjKRaELI,450.69,128
tTgfLfro,450.69,-190
IMVkUUPY,450.69,305
TYZSYMxd,450.69,475
yiHofmMl,450.69,384
ZBsctGWx,450.69,154
wEpLPCcv,450.69,192
TLkAhKgz,450.69,309
rZIGHtYP,450.69,-310
HYurHFgx,450.69,-245
KMYBQpIv,450.69,138
fIivGduD,450.69,402
edihDyLi,450.69,-310
QiVVTkkz,450.69,421
gCWCwZvD,450.69,171
YQLkSvFV,450.69,348
eOLgiqAP,450.69,-227
rsqzouMm,450.69,-426
kqBkRHMm,450.69,-224
kINYnQzj,450.69,259
uYTKIUPN,450.69,188
HoLYHsEK,450.69,249
VTgnIsnX,450.69,374
qFqJtVev,450.69,462
ZSXbrgCk,450.69,-251
fMHBuCkX,450.69,-103
XBAjCovy,450.69,-352
hdTivfCS,450.69,-170
RmQcWKaN,450.69,453
yHlhBsfh,450.69,-66
DGlRtDPt,450.69,-116
MgUUEuuz,450.69,82
rYqGiMwQ,450.69,476
NCzfxTpT,450.69,-311
bSnaCQRy,450.69,57
wzsxVSPF,450.69,-408
YdsNaJYp,450.69,-424
PDILGdiY,450.69,-250
ZtDCXplC,450.69,401
SQjdhMmF,450.69,-234
yNTqiVuL,450.69,237
dzPwSTxl,450.69,40
HcGNliLb,450.69,-332
BmGLWNvK,450.69,-341
YqlOUJcd,450.69,193
XKjRnftA,450.69,340
OBUOdeKu,450.69,-493
xjHTrokR,450.69,-301
sODhtsbe,450.69,-354
FYktJYPr,450.69,-216
YNyxdXqd,450.69,458
fHSGkmuR,450.69,334
fuRpajJK,450.69,-235
HLRnZtse,450.69,-435
gCzwOmOr,450.69,-471
qXrHqVTr,450.69,15
RJjeqLJi,450.69,-38
pekUJinM,450.69,-323
UzCsFjHu,450.69,-423
MlqWbQhc,450.69,-84
KkRacRNV,450.69,343
BFbMggEP,450.69,-38
YeqKvvZd,450.69,-270
rqckoVok,450.69,-449
eYEQdpOT,450.69,383
cMmtUgcr,450.69,-481
Jcpmyhah,450.69,-356
VIceFdAW,450.69,459
oPHYIBOt,450.69,-231
fXSRVNRk,450.69,-455
xVzYAKHD,450.69,-275
TEcQzohN,450.69,-261
OwPwGoxb,450.69,317
tfLQcbUj,450.69,126
IEiuykVu,450.69,-102
naCVQVTG,450.69,11
ZmLKrCav,450.69,-34
cUbViqpZ,450.69,-94
hvhnIWUB,450.69,210
ytqnaVtQ,450.69,112
CVZGUGAx,450.69,422
OsKAZDVQ,450.69,400
jmmAkQQU,450.69,178
kPzvteNZ,450.69,-313
VOxkeiWv,450.69,465
CqkUasJS,450.69,207
EeNBSJjm,450.69,434
DhpPTLrI,450.69,-72
sowCJHjd,450.69,-384
qdCQUxQz,450.69,-256
XuKbZniW,450.69,-424
obyzPybJ,450.69,-309
gayYfEFO,450.69,206
zpJSNxGP,450.69,-194
osVHdzNV,450.69,-257
GEOyFMpM,450.69,89
EiWXCFvi,450.69,-175
gfSUyRwT,450.69,119
dgUljAst,450.69,281
vGQoxlQr,450.69,327
LXgjWZBa,450.69,164
TOzyEDfy,450.69,-262
EdLirDFh,450.69,-434
ZXVDDtUH,450.69,-18
NReomCVX,-1925.24,364
SPjjMnyp,-1925.24,196
NKSCBcsl,-1925.24,-275
PHYPrIyF,-1925.24,62
CAlOELEa,-1925.24,-166
CZWAgsmS,-1925.24,435
zbkHItVR,-1925.24,-94
conMlowy,-1925.24,-244
vSGvPfpf,-1925.24,-433
awQaghDA,-1925.24,-415
tYwHUVvR,-1925.24,176
sgZasrtB,-1925.24,-467
ghmBKLpi,-1925.24,-476
xhGSbkiT,-1925.24,342
UuwAgRZu,-1925.24,-39
teBMCpyG,-1925.24,-127
bJfyTdaq,-1925.24,-414
jGsKRWvX,-1925.24,269
rocKNkUO,-1925.24,296
bLFXfAxB,-1925.24,292
rnZrVWjz,-1925.24,-425
DgWdkZcZ,-1925.24,-461
HVrxYrtU,-1925.24,114
orWwnPnS,-1925.24,132
WTqVFaPR,-1925.24,158
QJuwXCBp,-1925.24,127
SCvFTLSN,-1925.24,-41
ucRzEnYC,-1925.24,55
nGVOWCVb,-1925.24,365
oRaegmAm,-1925.24,257
WPFDageA,-1925.24,-231
mmyzWHCK,-1925.24,230
ePDvFDlN,-1925.24,-46
MAJymHyK,-1925.24,-6
avHVGVIJ,-1925.24,-208
DdEKTUps,-1925.24,288
RUPvVLgf,-1925.24,161
bPxrBMta,-1925.24,199
twlrPjbJ,-1925.24,-455
AvpRpcMd,-1925.24,228
dRhBdbHj,-1925.24,-484
iYFSeJsd,-1925.24,453
KIZEXBLr,-1925.24,493
DjKvWegZ,-1925.24,-228
wSVyyqFK,-1925.24,295
rWieXhJo,-1925.24,-46
reXQZHAO,-1925.24,145
aNSGGJAK,-1925.24,382
IbwBlaoS,-1925.24,-45
loHvNhgD,-1925.24,-58
WmeUseyv,-1925.24,406
gFSlbhPX,-1925.24,30
OXnxZGJD,-1925.24,213
cWntCqNg,-1925.24,252
lFXltzpn,-1925.24,-337
rnLfPCwg,-1925.24,104
qBLHnilI,-1925.24,111
ywWKDofY,-1925.24,354
ISrMPKqH,-1925.24,-109
WoIOPyDz,-1925.24,-23
vQkjRaLG,-1925.24,112
uAPXElLc,-1925.24,160
wwbztPtX,-1925.24,-61
IrCTNaAQ,-1925.24,-434
mipykgdJ,-1925.24,-114
iaPATDhr,-1925.24,231
WIuuvHse,-1925.24,354
dRLdPrfe,-1925.24,-221
WVDSoCfZ,-1925.24,162
unxlhWNc,-1925.24,-369
taMVJTBw,-1925.24,-493
BJVxCbXu,-1925.24,410
pvfRshoJ,-1925.24,-416
sVNropWB,-1925.24,-499
LaTfTqzj,-1925.24,-317
xQcSPOly,-1925.24,-388
IDoTXBAZ,-1925.24,187
jQbWowtg,-1925.24,-440
iRZjhnbI,-1925.24,494
yVHvCMnt,-1925.24,-125
vnmMJnFf,-1925.24,234
EDYTjcKc,-1925.24,-368
nISfNGLN,-1925.24,405
vsluXitI,-1925.24,-52
XydUcgib,-1925.24,-383
LQXlrlCw,-1925.24,-200
JUvElSbv,-1925.24,-216
dZUXmspP,-1925.24,228
